,epoch,train_loss,val_loss
0,1,0.18499576599627246,0.0
1,2,0.0926653972720025,0.0
